"BAIRRO","COD_MUNICIPIO","MUNICIPIO","NOME_FANTASIA","RAZAO_SOCIAL","VAL_MEDIO_VENDIDO","DISTANCIA"
"JACINTINHO","2785","MACEIO","POSTO CASTELO","AUTO POSTO JACINTINHO LTDA","3.984","0"
"CENTRO","2785","MACEIO","POSTO CASTELO","AUTO POSTO MACEIO LTDA","4.051","0"
"FEITOSA","2785","MACEIO","AUTO POSTO CONFIANCA","AUTO POSTO CONFIANCA EIRELI","4.105","0"
"BARRO DURO","2785","MACEIO","POSTO SENA","A. LUIZ SOARES VIEIRA","4.142","0"
"SAO JORGE","2785","MACEIO","REYAUTO POSTO","REYAUTO COMERCIO DE COMBUSTIVEIS LTDA","4.142","0"
"FAROL","2785","MACEIO","POSTO FAROL","MADSON COMERCIO DE COMBUSTIVEIS E PRODUTOS ALIMENTICIOS LTDA","4.144","0"
"JARAGUA","2785","MACEIO","POSTO JARAGUA","POSTO JARAGUA LTDA","4.154","0"
"PRADO","2785","MACEIO","POSTO MASTER","VIEIRA & MELO LTDA","4.169","0"
"JACINTINHO","2785","MACEIO","REYAUTO POSTO","REYAUTO COMERCIO DE COMBUSTIVEIS LTDA","4.171","0"
"POCO","2785","MACEIO","POSTO SAO JOSE I","POSTO COMBUSTIVEL L & C LTDA","4.179","0"
"PONTA GROSSA","2785","MACEIO","AUTO POSTO SANTO ANTONIO","T. C. COMBUSTIVEIS LTDA","4.18","0"
"LEVADA","2785","MACEIO","POSTO LAGOA","AUTO POSTO LAGOA LTDA","4.18","0"
"SANTA LUCIA","2785","MACEIO","AUTO POSTO ESTRELA","SOUZA & AMARAL AUTO POSTO LTDA","4.183","0"
"SANTOS DUMONT","2785","MACEIO","AUTO POSTO BANDEIRANTE LTDA","AUTO POSTO BANDEIRANTE LTDA","4.191","0"
"CENTRO","2785","MACEIO","POSTO PONTO CERTO II","AUTO POSTO ANDA LUZ LTDA","4.2","0"
"BOM PARTO","2785","MACEIO","COMPANHIA BRASILEIRA DE DISTRIBUICAO","COMPANHIA BRASILEIRA DE DISTRIBUICAO","4.205","0"
"PONTA GROSSA","2785","MACEIO","POSTO NENO","COMERCIO DE COMBUSTIVEIS MELO DOS ANJOS LTDA","4.208","0"
"RIO NOVO","2785","MACEIO","MARTA CRISTINA SOBRAL","MARTA CRISTINA SOBRAL","4.21","0"
"CIDADE UNIVERSITARIA","2785","MACEIO","POSTO PONTO CERTO","AUTO POSTO 2 IRMAOS LTDA","4.212","0"
"POCO","2785","MACEIO","POSTO NOSSA SENHORA DE NAZARE","POSTO NOSSA SENHORA DE NAZARE LTDA","4.216","0"
"LEVADA","2785","MACEIO","POSTO LIMA","COMERCIO VAREJISTA DE COMBUSTIVEIS E DERIVADOS DO PETROLEO LTDA","4.217","0"
"CENTRO","2785","MACEIO","POSTO SOBRAL","SOBRAL COMERCIO E SERVICOS LTDA","4.225","0"
"BARRO DURO","2785","MACEIO","AUTO POSTO V8","AUTO POSTO SEU JORGE LTDA","4.225","0"
"BARRO DURO","2785","MACEIO","POSTO FORUM","M H DA COSTA E CIA LTDA","4.235","0"
"SERRARIA","2785","MACEIO","POSTO ALECRIM","PINTO E SARMENTO LTDA","4.241","0"
"IPIOCA","2785","MACEIO","POSTO TOP","AUTO POSTO TOP LTDA","4.242","0"
"FEITOSA","2785","MACEIO","SMART AUTO POSTO","AUTO POSTO VALPARA�SO LTDA.","4.248","0"
"JACINTINHO","2785","MACEIO","POSTO JACINTINHO","AAMM COMERCIAL DE COMBUSTIVEIS LTDA","4.25","0"
"CRUZ DAS ALMAS","2785","MACEIO","COMPANHIA BRASILEIRA DE DISTRIBUICAO","COMPANHIA BRASILEIRA DE DISTRIBUICAO","4.257","0"
"POCO","2785","MACEIO","POSTO JATIUCA","AUTO POSTO ROMEIRO LTDA","4.258","0"
"PINHEIRO","2785","MACEIO","FLEX POSTO FAROL","FLEX POSTO LTDA","4.266","0"
"RIACHO DOCE","2785","MACEIO","POSTO SEREIA","AUTO POSTO SEREIA LTDA","4.27","0"
"FEITOSA","2785","MACEIO","POSTO MAXI","MAXI POSTO BR LTDA","4.286","0"
"CIDADE UNIVERSITARIA","2785","MACEIO","POSTO GRACILIANO RAMOS","HOLANDA COMERCIO COMBUSTIVEIS LTDA","4.288","0"
"CLIMA BOM","2785","MACEIO","NOSSO POSTO","NOSSO POSTO COMERCIO E REPRESENTACAO LTDA","4.295","0"
"JARAGUA","2785","MACEIO","POSTO SARANDI","BELUMA COMERCIO DE COMBUSTIVEIS LTDA","4.296","0"
"SANTA AMELIA","2785","MACEIO","MACEIO AUTO POSTO","MACEIO AUTO POSTO LTDA","4.312","0"
"FAROL","2785","MACEIO","POSTO GAMA","POSTO GAMA LTDA","4.319","0"
"PRADO","2785","MACEIO","POSTO CABO REIS","MW COMERCIO DE COMBUSTIVEIS LTDA","4.32","0"
"PONTA VERDE","2785","MACEIO","AUTO POSTO AVENIDA","AUTO POSTO AVENIDA LTDA","4.321","0"
"CLIMA BOM","2785","MACEIO","CAVALCANTE & LEITE LTDA","CAVALCANTE & LEITE LTDA","4.332","0"
"JACARECICA","2785","MACEIO","POSTO VIA NORTE","AUTO POSTO VIA NORTE LTDA","4.335","0"
"PINHEIRO","2785","MACEIO","POSTO BRASIL","MAXI POSTO V LTDA","4.34","0"
"GRUTA DE LOURDES","2785","MACEIO","COMPANHIA BRASILEIRA DE DISTRIBUICAO","COMPANHIA BRASILEIRA DE DISTRIBUICAO","4.34","0"
"SERRARIA","2785","MACEIO","POSTO RESERVA DO VALE","POSTO RESERVA DO VALE LTDA","4.346","0"
"MUTANGE","2785","MACEIO","POSTO MOTORIZADO","POSTO MOTORIZADO LTDA","4.354","0"
"PINHEIRO","2785","MACEIO","POSTO FAROL","AUTO POSTO FAROL LTDA","4.36","0"
"SANTA LUCIA","2785","MACEIO","POSTO STO ANTONIO","HOLANDA & MARQUES LTDA","4.36","0"
"SERRARIA","2785","MACEIO","POSTO'S HANNAH","AUTO POSTO HANNAH LTDA","4.363","0"
"MANGABEIRAS","2785","MACEIO","FLEX POSTO MANGABEIRAS","AUTO POSTO SHOPPING LTDA","4.368","0"
"MANGABEIRA","2785","MACEIO","POSTO SALDANHA","M A SALDANHA & CIA LTDA","4.382","0"
"TAB DOS MARTINS","2785","MACEIO","MARTA CRISTINA SOBRAL","MARTA CRISTINA SOBRAL","4.385","0"
"SANTOS DUMONT","2785","MACEIO","AUTO POSTO DIDONE","DIDONE & ALVIM COMBUSTIVEIS LTDA","4.389","0"
"SAO JORGE","2785","MACEIO","IBN PINTO E SILVA & CIA LTDA","IBN PINTO E SILVA & CIA LTDA","4.389","0"
"SANTOS DUMONT","2785","MACEIO","TOTAL GIRO","COMERCIAL TRES IRMAOS LTDA","4.391","0"
"JARAGUA","2785","MACEIO","POSTO PAJUCARA","POSTO PAJUCARA EIRELI","4.391","0"
"CENTRO","2785","MACEIO","POSTO TIGRE CAMBONA","AUTO POSTO ALFA LTDA","4.394","0"
"TABULEIRO DOS MARTINS","2785","MACEIO","AUTO POSTO FLORESTA","COMERCIO DE COMBUSTIVEL FLORESTA LTDA","4.398","0"
"BOM PARTO","2785","MACEIO","POSTOS DE COMBUSTIVEIS PICHILAU","POSTO QUARTO DE MILHA LTDA","4.398","0"
"VERGEL DO LAGO","2785","MACEIO","AUTO POSTO GUIA","ARAUJO COMERCIO DE COMBUSTIVEIS - EIRELI","4.399","0"
"CRUZ DAS ALMAS","2785","MACEIO","MAXI POSTO IV","MAXI POSTO IV LTDA","4.401","0"
"CRUZ DAS ALMAS","2785","MACEIO","POSTO VIPS LTDA","POSTO VIPS LTDA","4.402","0"
"GRUTA DE LOURDES","2785","MACEIO","POSTO 59","NICACIO & BARBOSA COMERCIO DE COMBUSTIVEIS LTDA","4.406","0"
"JATIUCA","2785","MACEIO","AUTO POSTO STELLA MARES","CDG COMBUSTIVEIS LTDA","4.414","0"
"ANTARES","2785","MACEIO","AUTO POSTO ANTARES LTDA","AUTO POSTO ANTARES LTDA","4.414","0"
"TABULEIRO DOS MARTINS","2785","MACEIO","POSTO SAO CRISTOVAO","AUTO POSTO MALIS LTDA","4.415","0"
"PRADO","2785","MACEIO","MAXI POSTO VI","MAXI POSTO IV LTDA","4.421","0"
"JATIUCA","2785","MACEIO","POSTO VIA MARE","AUTO POSTO VIA MARE LTDA","4.422","0"
"PETROPOLIS","2785","MACEIO","AUTO POSTO BOM","VIEIRA & OMENA LTDA","4.422","0"
"SERRARIA","2785","MACEIO","AUTO POSTO SERRARIA","A F M ALBUQUERQUE COMBUSTIVEIS EIRELI","4.426","0"
"POCO","2785","MACEIO","CONVINIENCIA 04 RODAS","POSTO MELO COMENDADOR EIRELI","4.43","0"
"GRUTA DE LOURDES","2785","MACEIO","AUTO POSTO GRUTA","GMA AUTO POSTO E CONVENIENCIA LTDA","4.432","0"
"TABULEIRO DOS MARTINS","2785","MACEIO","AAMM COMERCIAL DE COMBUSTIVEIS LTDA","AAMM COMERCIAL DE COMBUSTIVEIS LTDA","4.432","0"
"CRUZ DAS ALMAS","2785","MACEIO","AUTO POSTO AL 101","AUTO POSTO AL 101 LTDA","4.436","0"
"JATIUCA","2785","MACEIO","POSTO AMELIA ROSA","AUTO POSTO AMELIA ROSA LTDA","4.439","0"
"CIDADE UNIVERSITARIA","2785","MACEIO","POSTO VIA EXPRESSA","ARAUJO & LIMA LTDA","4.44","0"
"SANTA AMELIA","2785","MACEIO","POSTO SANTA AMELIA","ARAUJO & ALBUQUERQUE COMERCIO DE COMBUSTIVEIS LTDA","4.44","0"
"PINHEIRO","2785","MACEIO","POSTO PODIUM","FGP COMERCIO DE COMBUSTIVEIS EIRELI","4.443","0"
"PRADO","2785","MACEIO","POSTO PRAIA","POSTO BOULANGERIE LTDA","4.458","0"
"TAB DOS MARTINS","2785","MACEIO","POSTOS DE COMBUSTIVEIS PICHILAU","POSTO QUARTO DE MILHA LTDA","4.462","0"
"TABULEIRO DOS MARTINS","2785","MACEIO","MAKRO ATACADISTA","MAKRO ATACADISTA S.A","4.465","0"
"SERRARIA","2785","MACEIO","POSTO CLEAN CAR","AUTO POSTO CLEAN CAR LTDA","4.472","0"
"GRUTA DE LOURDES","2785","MACEIO","POSTO SANTO ANTONIO","FERREIRA COMERCIO DE COMBUSTIVEIS LTDA","4.474","0"
"FAROL","2785","MACEIO","POSTO PRATAGY","TARGINO COMERCIO DE COMBUSTIVEIS LTDA","4.475","0"
"GRUTA DE LOURDES","2785","MACEIO","POSTO CARANGO","VINICIUS CANSANCAO & CIA LTDA","4.483","0"
"POCO","2785","MACEIO","POSTO 04 RODAS COMERCIO E SERVICOS LTDA","POSTO 04 RODAS COMERCIO E SERVICOS LTDA","4.484","0"
"ANTARES","2785","MACEIO","POSTO VELOZ","AUTO POSTO VELOZ LTDA","4.488","0"
"FAROL","2785","MACEIO","POSTO NOBRE","POSTO NOBRE CONFIANCA LTDA","4.489","0"
"SERRARIA","2785","MACEIO","POSTO GURI","POSTO GURI LTDA","4.495","0"
"BARRO DURO","2785","MACEIO","POSTO OURO PRETO","AUTO POSTO OURO PRETO LTDA","4.502","0"
"TAB DOS MARTINS","2785","MACEIO","POSTO FRANCISCO LIMA","J AQUINO","4.508","0"
"PONTA VERDE","2785","MACEIO","POSTO PIRAMIDE","POSTO PIRAMIDE LTDA","4.509","0"
"TAB DOS MARTINS","2785","MACEIO","CANAA COMERCIO E REPRESENTACOES LTDA","CANAA COMERCIO E REPRESENTACOES LTDA","4.516","0"
"TABULEIRO DOS MARTINS","2785","MACEIO","POSTO CLETO","VIEIRA & OMENA LTDA","4.518","0"
"FAROL","2785","MACEIO","POSTO JARDINS II","MASCARENHAS AUTO POSTOS LTDA","4.518","0"
"SERRARIA","2785","MACEIO","AUTO POSTO LIDERANCA","LIDERANCA COMERCIO E DISTRIBUIDORA DE COMBUSTIVEIS EIRELI","4.518","0"
"IPIOCA","2785","MACEIO","MARES DO NORTE EMPREENDIMENTOS","AUTO POSTO MARES DO NORTE EIRELI","4.532","0"
"JATIUCA","2785","MACEIO","AUTO POSTO R2","AUTO POSTO R2 LTDA","4.547","0"
"TRAPICHE DA BARRA","2785","MACEIO","POSTO PRAIA MAR","COX & GAMA LTDA","4.55","0"
"SANTA AMELIA","2785","MACEIO","N MAISSA","N MAISSA DOS SANTOS SOUZA LIMA - EIRELI","4.566","0"
"JATIUCA","2785","MACEIO","POSTO MILLENIUM","AUTO POSTO MILLENIUM LTDA","4.571","0"
"FEITOSA","2785","MACEIO","AUTO POSTO BARILOCHE","AUTO POSTO BARILOCHE EIRELI","4.579","0"
"PRADO","2785","MACEIO","AUTO POSTO COMENDADOR LTDA","AUTO POSTO COMENDADOR LTDA","4.589","0"
"TAB DO MARTINS","2785","MACEIO","POSTO UNO","AUTO POSTO SAO LUIZ LTDA","4.602","0"
"SERRARIA","2785","MACEIO","VIA EXPRESSA DISTRIBUIDORA","VIA EXPRESSA DISTRIBUIDORA COMERCIO SERVICOS E REPRESENTACOES LTDA","4.622","0"
"TAB.DOS MARTINS","2785","MACEIO","POSTO EUCALYPTOS","NEW STAR COMERCIO DE COMBUSTIVEIS E LUBRIFICANTES LTDA","4.624","0"
"PONTA VERDE","2785","MACEIO","POSTO PONTA VERDE","SERVICOS AUTOMOTIVOS PONTA VERDE LTDA","4.628","0"
"POCO","2785","MACEIO","AUTO POSTO COMENDADOR LTDA","AUTO POSTO COMENDADOR LTDA","4.634","0"
"TAB DOS MARTINS","2785","MACEIO","POSTO JARDINS","MASCARENHAS AUTO POSTOS LTDA","4.669","0"
"TRAPICHE DA BARRA","2785","MACEIO","POSTO TRAPICHAO","AUTO POSTO TRAPICHAO LTDA","4.674","0"
"ANTARES","2785","MACEIO","POSTO PRATAGY","TARGINO E COSTA LTDA","4.691","0"
"PONTA VERDE","2785","MACEIO","AUTO POSTO GUIMARAES","A. F. GUIMARAES JUNIOR","4.697","0"
"FAROL","2785","MACEIO","POSTO TOMAS ESPINDOLA","SANDIEGO COMERCIO DE COMBUSTIVEIS EIRELI","4.697","0"
"FAROL","2785","MACEIO","POSTO DAS ACACIAS","MV COMERCIO E REPRESENTACAO DE COMBUSTIVEIS LTDA","4.718","0"
"JACINTINHO","2785","MACEIO","AUTO POSTO LESTE-OESTE","AUTO POSTO CENTRO OESTE LTDA","4.954","0"
"ZONA RURAL","2761","IGACI","AUTO POSTO SEGURO","AUTO POSTO SEGURO COM�RCIO DE COMBUST�VEIS LTDA","3.994","153705"
"ZONA RURAL","2761","IGACI","AUTO POSTO JP LTDA","AUTO POSTO JP LTDA","4.633","153705"
"CENTRO","2761","IGACI","POSTO IGACI LTDA","POSTO IGACI LTDA","4.689","153705"
"TABULEIRO DO PINTO","2853","RIO LARGO","AUTO POSTO SAN LORENZZO","SAN LORENZZO COMERCIO E DISTRIBUICAO DE COMBUSTIVEIS LTDA","4.075","22677"
"PREFEITO ANTONIO LINS DE SOUZA","2853","RIO LARGO","AUTO POSTO FORENE LTDA","AUTO POSTO FORENE LTDA","4.337","22677"
"PREFEITO ANTONIO LINS DE SOUZA","2853","RIO LARGO","AUTO POSTO MOTORIZADO","TULEMON COMERCIO LTDA","4.344","22677"
"ANTONIO LINS DE SOUZA","2853","RIO LARGO","PENIEL AUTO POSTO","PENIEL REVENDEDORA DE COMBUSTIVEIS LTDA","4.355","22677"
"CENTRO","2853","RIO LARGO","POSTO BR IRMAOS KLEBER E KLEYTON","OLIVEIRA & FREITAS LTDA","4.397","22677"
"ZONA RURAL","2853","RIO LARGO","POSTOS DE COMBUSTIVEIS PICHILAU","AUTO POSTO PIONEIRO LTDA","4.397","22677"
"ANTONIO LINS DE SOUZA","2853","RIO LARGO","POSTO 11","FARIAS E LESSA COMERCIO DE COMBUSTIVEIS LTDA","4.446","22677"
"MATA DO ROLO","2853","RIO LARGO","POSTO MATA DO ROLO","CDA EMPREENDIMENTOS LTDA","4.529","22677"
"PREF ANTONIO LINS SOUZA","2853","RIO LARGO","POSTO REFORCO 6","POSTO REFORCO 6 LTDA","4.531","22677"
"MONUMENTO","2859","SANTANA DO IPANEMA","POSTO JOTA PINTO","IRMAOS JOTA PINTO & CIA LTDA","4.147","209500"
"ZONA RURAL","2859","SANTANA DO IPANEMA","POSTO TEIXEIRA","POSTO TEIXEIRA EIRELI","4.45","209500"
"DOMINGOS ACACIO","2859","SANTANA DO IPANEMA","POSTO JOTA PINTO","IRMAOS JOTA PINTO & CIA LTDA","4.504","209500"
"CAMOXINGA","2859","SANTANA DO IPANEMA","POSTO FILADELFIA 2","ALMIR E SILVA LTDA","4.538","209500"
"DOMINGOS ACACIO","2859","SANTANA DO IPANEMA","POSTO SANTO ANTONIO","JOSE CARLOS MORONI VALENCA & CIA LTDA","4.56","209500"
"MONUMENTO","2859","SANTANA DO IPANEMA","AUTO POSTO SANTANA","AUTO POSTO SANTANA LTDA","4.565","209500"
"DOMINGOS ACACIO","2859","SANTANA DO IPANEMA","AUTO POSTO NOBRE","NOBRE COMERCIO DE COMBUSTIVEIS - EIRELI","4.584","209500"
"MONUMENTO","2859","SANTANA DO IPANEMA","LEMOS AUTO POSTO","LEMOS E DAMASCENO COMBUSTIVEIS LTDA","4.604","209500"
"DOMINGOS ACACIO","2859","SANTANA DO IPANEMA","LEMOS AUTO POSTO","LEMOS E DAMASCENO COMBUSTIVEIS LTDA","4.605","209500"
"CAMOXINGA","2859","SANTANA DO IPANEMA","POSTO MARACANA","ADILZA S F RAMOS","4.63","209500"
"LUZIAPOLIS","2727","CAMPO ALEGRE","POSTO 4 RODAS II","S L C PESSOA & CIA LTDA","4.159","93475"
"ZONA RURAL","2727","CAMPO ALEGRE","AUTO POSTO AGRESTE","AGRESTE COMBUSTIVEIS E SERVICOS LTDA","4.67","93475"
"LUZIAPOLIS","2727","CAMPO ALEGRE","POSTO NOSSA SENHORA APARECIDA","AUTO POSTO NOSSA SENHORA APARECIDA LTDA","4.67","93475"
"ZONA RURAL","2727","CAMPO ALEGRE","AUTO POSTO CAMPO ALEGRE LTDA","AUTO POSTO CAMPO ALEGRE LTDA","4.781","93475"
"CENTRO","2871","SAO MIGUEL DOS CAMPOS","POSTO SAO JOSE","AUTO POSTO S�O JOS� LTDA","4.173","61803"
"CHA DA MANGUEIRA","2871","SAO MIGUEL DOS CAMPOS","S L C PESSOA & CIA LTDA","S L C PESSOA & CIA LTDA","4.19","61803"
"CENTRO","2871","SAO MIGUEL DOS CAMPOS","MAXI POSTO II","MAXI LUB LTDA","4.325","61803"
"ZONA URBANA","2871","SAO MIGUEL DOS CAMPOS","POSTO PRISMEL","DIESEL DISTRIBUIDORA E SERVICOS LTDA","4.449","61803"
"CENTRO","2871","SAO MIGUEL DOS CAMPOS","POSTO CINEMA","DIESEL DISTRIBUIDORA E SERVICOS LTDA","4.577","61803"
"HELIO JATOBA","2871","SAO MIGUEL DOS CAMPOS","POSTO VIA SUL","DIESEL DISTRIBUIDORA E SERVICOS LTDA","4.613","61803"
"POVOADO DO FRANCES","2793","MARECHAL DEODORO","POSTO LUAR DO FRANCES","MARTA CRISTINA SOBRAL","4.174","23042"
"TAPERAGUA","2793","MARECHAL DEODORO","POSTO TREIS IRMAOS","J R SOARES & SOUZA LTDA","4.243","23042"
"ILHA DE SANTA RITA","2793","MARECHAL DEODORO","POSTO ECOLOGICO COMERCIO DE COMBUSTIVEIS LTDA","POSTO ECOLOGICO COMERCIO DE COMBUSTIVEIS LTDA","4.254","23042"
"AL 101","2793","MARECHAL DEODORO","MAXI POSTO ECOLOGICO","MAXI POSTO ECOLOGICO LTDA","4.317","23042"
"ZONA RURAL","2793","MARECHAL DEODORO","ALIANCA COMERCIO E DISTRIBUICAO DE COMBUSTIVEIS LTDA","ALIANCA COMERCIO E DISTRIBUICAO DE COMBUSTIVEIS LTDA","4.321","23042"
"AL 101-SUL","2793","MARECHAL DEODORO","AUTO POSTO LAGOA CAFE","RJR COMERCIO DE COMBUSTIVEIS LTDA","4.386","23042"
"POVOADO PEDRAS","2793","MARECHAL DEODORO","AUTO POSTO MANGUABA LTDA","AUTO POSTO MANGUABA LTDA","4.428","23042"
"FRANCES","2793","MARECHAL DEODORO","POSTO PRAIA BELA","PETRONORT COMERCIO DE COMBUSTIVEIS E LUBRIFICANTES LTDA","4.529","23042"
"ZONA RURAL","2791","MARAVILHA","IRMAOS JOTA PINTO & CIA LTDA","IRMAOS JOTA PINTO & CIA LTDA","4.205","234920"
"CENTRO","2791","MARAVILHA","AUTO POSTO LUANA","SANTOS & CORDEIRO LTDA","4.681","234920"
"CENTRO","2791","MARAVILHA","AUTO POSTO E POUSADA LIMEIRINHA","ROBERTO VICTOR L DE CARVALHO","4.682","234920"
"PRIMAVERA","2877","SATUBA","AUTO POSTO PONTO 10","AUTO POSTO PONTO 10 LTDA","4.21","22135"
"CENTRO","2877","SATUBA","AUTO POSTO FM","R.L.COMBUSTIVEIS LTDA","4.524","22135"
"ZONA RURAL","2715","BELEM","POSTO MAE RAINHA","POSTO MAE RAINHA LTDA","4.212","115845"
"ZONA RURAL","2837","PILAR","CARVALHO E MELO COMERCIO DE COMBUSTIVEIS LTDA","CARVALHO E MELO COMERCIO DE COMBUSTIVEIS LTDA","4.232","39820"
"CHA DO PILAR","2837","PILAR","AUTO POSTO ALAZAO LTDA","AUTO POSTO ALAZAO LTDA","4.264","39820"
"CHA DO PILAR","2837","PILAR","POSTO TERRA NOVA","COMERCIAL AZEVEDO E SILVA LTDA","4.298","39820"
"CHA DO PILAR","2837","PILAR","POSTO TREVO","AUTO POSTO TREVO LTDA","4.507","39820"
"CHA DO PILAR","2837","PILAR","POSTO CHA DO PILAR","CDA EMPREENDIMENTOS LTDA","4.522","39820"
"BOCA DA MATA","2707","ATALAIA","POSTO 15","VIEIRA & OMENA LTDA","4.243","49997"
"POV BRANCA DE ATALAIA","2707","ATALAIA","AUTO POSTO BRANCA","AUTO POSTO BRANCA LTDA","4.261","49997"
"NOVA OLINDA","2707","ATALAIA","AUTO POSTO PREMIUM","MORAIS & PINTO COMBUSTIVEIS LTDA","4.453","49997"
"VILA JOSE PAULINO","2707","ATALAIA","POSTO CHA DE ATALAIA","CDA EMPREENDIMENTOS LTDA","4.457","49997"
"GUARANI","2707","ATALAIA","AUTO POSTO RODRIGUES LTDA","AUTO POSTO RODRIGUES LTDA","4.482","49997"
"CENTRO","2801","MATRIZ DE CAMARAGIBE","POSTO PADRE CICERO","AUTO POSTO BOM JESUS EIRELI","4.296","76129"
"CENTRO","2801","MATRIZ DE CAMARAGIBE","POSTO BOM JESUS","AUTO POSTO VASCONCELOS LTDA","4.341","76129"
"ZONA RURAL","2801","MATRIZ DE CAMARAGIBE","POSTO 4X4","POSTO 4X4 COMERCIO DE COMBUSTIVEIS LTDA","4.441","76129"
"ZONA RURAL","2885","UNIAO DOS PALMARES","POSTO TRIUNFO","OLIVEIRA E CALDAS LTDA","4.296","78870"
"CENTRO","2885","UNIAO DOS PALMARES","POSTO GLOBO IV","AUTO POSTO GLOBO IV EIRELI","4.305","78870"
"ROBERTO CORREIA DE ARAUJO","2885","UNIAO DOS PALMARES","AUTO POSTO GLOBO II","AUTO POSTO GLOBO II LTDA","4.405","78870"
"ROBERTO C DE ARAUJO","2885","UNIAO DOS PALMARES","AUTO POSTO QUILOMBO LTDA","AUTO POSTO QUILOMBO LTDA","4.416","78870"
"CENTRO","2885","UNIAO DOS PALMARES","POSTO SANTA CLARA","POSTO SANTA CLARA LTDA","4.449","78870"
"CENTRO","2885","UNIAO DOS PALMARES","AUTO POSTO UNIAO","AUTO POSTO COMERCIO DE COMBUSTIVEL UNIAO LTDA","4.541","78870"
"CENTRO","2885","UNIAO DOS PALMARES","AUTOPOSTO E POUSADA SANTO EDUARDO","M DA SILVA LIMA FILHO POSTO","4.585","78870"
"CASTELO BRANCO","2885","UNIAO DOS PALMARES","POSTO SERRA DA LAGE","POSTO SERRA DA LAGE LTDA","4.592","78870"
"ZONA RURAL","2885","UNIAO DOS PALMARES","AUTO POSTO GLOBO","AUTO POSTO GLOBO EIRELI","4.618","78870"
"SANTO AMARO","2641","PARIPUEIRA","TENOARA COMERCIO LTDA.","TENOARA COMERCIO LTDA.","4.303","29574"
"CENTRO","2641","PARIPUEIRA","POSTO PORTO BELLO","AUTO POSTO PORTO BELLO LTDA","4.305","29574"
"CENTRO","2869","SAO LUIS DO QUITUNDE","AUTO POSTO SANTO ANTONIO","AUTO POSTO SANTO ANTONIO LTDA","4.31","53140"
"CENTRO","2869","SAO LUIS DO QUITUNDE","AUTO POSTO ROBSON INACIO","R M RODRIGUES DOS SANTOS","4.382","53140"
"SANTO INACIO","2869","SAO LUIS DO QUITUNDE","POSTOS VL","SAO LUIS COMERCIO DE COMBUSTIVEIS LTDA","4.432","53140"
"CENTRO","2869","SAO LUIS DO QUITUNDE","ESTRELA AUTO POSTO","SANTOS DE FREITAS E CIA LTDA","4.481","53140"
"ZONA URBANA","2869","SAO LUIS DO QUITUNDE","AUTO POSTO FLEX","CALHEIROS E SIMOES LTDA","4.49","53140"
"ZONA RURAL","2709","BARRA DE SANTO ANTONIO","POSTO ROSA MARIA","AUTO POSTO ROSA MARIA LTDA","4.314","38650"
"SENADOR TEOTONIO VILELA","2705","ARAPIRACA","POSTO BOSQUE DAS ARAPIRACAS","COMERCIO DE COMBUSTIVEIS BOSQUE DAS ARAPIRACAS LTDA","4.329","132497"
"CANAFISTULA","2705","ARAPIRACA","POSTO JOTA PINTO ARAPIRACA","IBN PINTO E SILVA & CIA LTDA","4.379","132497"
"ZONA RURAL","2705","ARAPIRACA","AUTO POSTO BALSAMO","AUTO POSTO BALSAMO LTDA","4.462","132497"
"ZONA RURAL","2705","ARAPIRACA","POSTO IDE","AUTO POSTO TABELA LTDA","4.508","132497"
"PLANALTO","2705","ARAPIRACA","AUTO POSTO BLUE","AUTO POSTO BLUE LTDA.","4.562","132497"
"PRIMAVERA","2705","ARAPIRACA","POSTO ARAPIRACA LTDA","POSTO ARAPIRACA LTDA","4.574","132497"
"JARDIM ESPERANCA","2705","ARAPIRACA","ECOPOSTO JOTA PINTO","IBN PINTO E SILVA & CIA LTDA","4.581","132497"
"NOVA ESPERANCA","2705","ARAPIRACA","POSTO BRASILIA","COMERCIO DE COMBUSTIVEL VAVEL LTDA","4.621","132497"
"CANAFISTULA","2705","ARAPIRACA","POSTO VAVEL LTDA -EPP","POSTO VAVEL LTDA -EPP","4.635","132497"
"JARDIM ESPERANCA","2705","ARAPIRACA","POSTO 4 RODAS III","AUTO POSTO MORADA LTDA.","4.644","132497"
"BOM SUCESSO","2705","ARAPIRACA","POSTO FLEX","AUTO POSTO M M GARROTE LTDA","4.652","132497"
"BOA VISTA","2705","ARAPIRACA","POSTO MIX","F WAGNER MAGALHAES SILVA EIRELI","4.657","132497"
"ELDORADO","2705","ARAPIRACA","POSTO AVENIDA","MJ COMBUSTIVEIS LTDA","4.658","132497"
"CENTRO","2705","ARAPIRACA","AUTO POSTO CENTRAL","AUTO POSTO CENTRAL LTDA","4.661","132497"
"OURO PRETO","2705","ARAPIRACA","AUTO POSTO 1001","AUTO POSTO E MOTEL MODELO LTDA","4.661","132497"
"CENTRO","2705","ARAPIRACA","POSTO ARAPIRACA","POSTO ARAPIRACA LTDA","4.662","132497"
"CANAA","2705","ARAPIRACA","AUTO POSTO CANAA","AUTO POSTO CANAA LTDA","4.663","132497"
"O. D. DOS CAZUZINHOS","2705","ARAPIRACA","POSTO TREIS IRMAOS","J R SOARES & SOUZA LTDA","4.663","132497"
"JARDIM ESPERANCA","2705","ARAPIRACA","POSTO CHARMM FLEX","AUTO POSTO BAIXA GRANDE LTDA","4.672","132497"
"CAVACO","2705","ARAPIRACA","AUTO POSTO LOURINHO","AUTO POSTO PREMIUM LTDA","4.675","132497"
"JARDIM ESPERANCA","2705","ARAPIRACA","POSTO TRES IRMAOS","J R SOARES & SOUZA LTDA","4.676","132497"
"BRASILIANA","2705","ARAPIRACA","POSTO TOP FLEX","GARROTE & CORREIA COM�RCIO DE COMBUST�VEL LTDA","4.68","132497"
"ZONA RURAL","2705","ARAPIRACA","AUTO POSTO BATINGAS","AUTO POSTO BATINGAS LTDA","4.685","132497"
"BAIXAO","2705","ARAPIRACA","AUTO POSTO PERUCABA LTDA","AUTO POSTO PERUCABA LTDA","4.702","132497"
"BOA VISTA","2705","ARAPIRACA","POSTO BOA VISTA","CENTRO COMERCIAL FERREIRA LTDA","4.703","132497"
"SAO LUIZ","2705","ARAPIRACA","AUTO POSTO SAO LUIZ","CENTRAL DE ABASTECIMENTO SAO LUIZ LTDA","4.703","132497"
"CENTRO","2705","ARAPIRACA","AUTO POSTO SAO FRANCISCO","AUTO POSTO SAO FRANCISCO LTDA","4.707","132497"
"SAO LUIZ II","2705","ARAPIRACA","AUTO POSTO CIDADE LTDA","AUTO POSTO CIDADE LTDA","4.707","132497"
"ALTO DO CRUZEIRO","2705","ARAPIRACA","AUTO POSTO ML","AUTO POSTO ML LTDA","4.71","132497"
"BOA VISTA","2705","ARAPIRACA","AUTO POSTO SMART LTDA","AUTO POSTO SMART LTDA","4.711","132497"
"JARDIM TROPICAL","2705","ARAPIRACA","POSTO DI VAN","POSTO E HOTEL DI'VAN LTDA","4.713","132497"
"CENTRO","2705","ARAPIRACA","POSTO ATLANTIC CONFIANCA LTDA","POSTO ATLANTIC CONFIANCA LTDA","4.714","132497"
"ALTO DO CRUZEIRO","2705","ARAPIRACA","POSTO ARAPIRACA LTDA","POSTO ARAPIRACA LTDA","4.715","132497"
"PLANALTO","2705","ARAPIRACA","POSTO MASSARANDUBA","AUTO POSTO MASSARANDUBA LTDA","4.716","132497"
"JARDIM TROPICAL","2705","ARAPIRACA","POSTO CANAFISTULA","AUTO POSTO CANAFISTULA LTDA","4.726","132497"
"BOM SUCESSO","2705","ARAPIRACA","AUTO POSTO ACQUA BOOL","AUTO POSTO ACQUA BOOL LTDA","4.727","132497"
"OLHO D AGUA DOS CAZUZINHOS","2705","ARAPIRACA","POSTO CIDADE II","AUTO POSTO BRISA DO LAGO COMBUSTIVEIS E TRANSPORTES LTDA","4.738","132497"
"JARDIM ESPERANCA","2705","ARAPIRACA","RODO CENTER AUTO POSTO","RODO CENTER AUTO POSTO LTDA","4.744","132497"
"PLANALTO","2705","ARAPIRACA","POSTO INSINUANTE","COMERCIAL DE COMBUSTIVEIS E LUBRIFICANTES VITAL LTDA.","4.746","132497"
"CENTRO","2705","ARAPIRACA","D L COMBUSTIVEIS EIRELI","D L COMBUSTIVEIS EIRELI","4.757","132497"
"BRASILIA","2705","ARAPIRACA","LOJA DOS VEICULOS","DISTRIBUIDORA DE VEICULOS CONFIANCA LIMITADA","4.764","132497"
"NOVA ESPERANCA","2705","ARAPIRACA","POSTO O AMIGAO","POSTO E CONVENIENCIA AMIGAO LTDA","4.858","132497"
"GILBERTO PEREIRA","2779","JUNQUEIRO","POSTO BR 101","V L PEREIRA COMBUSTIVEIS","4.338","116111"
"POVOADO OLHO DAGUA","2779","JUNQUEIRO","AUTO POSTO NOVA VIDA","AUTO POSTO NOVA VIDA EIRELI","4.554","116111"
"CENTRO","2779","JUNQUEIRO","AUTO POSTO TRES IRMAOS","SILVA COMBUSTIVEL LTDA","4.641","116111"
"CENTRO","2779","JUNQUEIRO","POSTO TRANSTAL","AUTO POSTO ALMEIDA TAVARES LTDA","4.648","116111"
"POVOADO LAGEDO","2795","MARIBONDO","POSTO LAGEDO","SOARES E SOUZA LTDA","4.349","90820"
"CENTRO","2795","MARIBONDO","POSTO SAO BRAZ","SOARES E SOUZA LTDA","4.37","90820"
"CENTRO","2795","MARIBONDO","POSTO HOLANDA TEIXEIRA, HOT CAFE","POSTO HOLANDA TEIXEIRA LTDA","4.497","90820"
"CENTRO","2795","MARIBONDO","AUTO POSTO H C","H C COMBUSTIVEIS E LUBRIFICANTES LTDA.","4.535","90820"
"CENTRO","2805","MINADOR DO NEGRAO","POSTO NOSSA SENHORA DAS GRACAS","POSTO MINADOR DO NEGRAO LTDA","4.369","171681"
"CENTRO","2805","MINADOR DO NEGRAO","AUTO POSTO SAGRADA FAMILIA","IRANDIR SABINO DA SILVA","4.598","171681"
"JUCA SAMPAIO","2825","PALMEIRA DOS INDIOS","POSTO CAMINHONEIRO","POSTO CAMINHONEIRO LTDA","4.377","139859"
"ZONA RURAL","2825","PALMEIRA DOS INDIOS","POSTO PE DA SERRA","IRMAOS TAVARES LTDA","4.486","139859"
"PALMEIRA DE FORA","2825","PALMEIRA DOS INDIOS","POSTO PALMEIRA DE FORA","SOARES E SOUZA LTDA","4.521","139859"
"SAO CRISTOVAO","2825","PALMEIRA DOS INDIOS","POSTO TRES IRMAOS","J R SOARES & SOUZA LTDA","4.524","139859"
"ZONA RURAL","2825","PALMEIRA DOS INDIOS","POSTO SANTO ANTONIO","CARNEIRO & RODRIGUES LTDA","4.527","139859"
"JUCA SAMPAIO","2825","PALMEIRA DOS INDIOS","IRMAOS GAIA LTDA","IRMAOS GAIA LTDA","4.534","139859"
"SAO FRANCISCO","2825","PALMEIRA DOS INDIOS","ECO POSTO PALMEIRA","SEVERINO S. LOPES & CIA. LTDA","4.548","139859"
"JOSE MAIA COSTA","2825","PALMEIRA DOS INDIOS","ECO POSTO PALMEIRA","SEVERINO S. LOPES & CIA. LTDA","4.55","139859"
"VILA MARIA","2825","PALMEIRA DOS INDIOS","POSTO SOARES & BAZILIO","POSTO SOARES & BAZILIO LTDA","4.553","139859"
"JUCA SAMPAIO","2825","PALMEIRA DOS INDIOS","DELCAR AUTO POSTO","V. P. VEIGA AUTO POSTO","4.601","139859"
"VILA MARIA","2825","PALMEIRA DOS INDIOS","POSTO IMPERIAL DAS PALMEIRAS","A. B. LESSA NETO & CIA LTDA","4.622","139859"
"SAO CRISTOVAO","2825","PALMEIRA DOS INDIOS","POSTO JOSE TAVARES","POSTO Z� TAVARES COM�RCIO DE COMBUST�VEIS LTDA","4.657","139859"
"CENTRO","2825","PALMEIRA DOS INDIOS","POSTO XUCURUS","AMORIM & CORREIA LTDA","4.695","139859"
"JOSE MAIA COSTA","2825","PALMEIRA DOS INDIOS","POSTO BR 26","BALBINO & CIA LTDA","4.7","139859"
"ZONA RURAL","2825","PALMEIRA DOS INDIOS","POSTO FREI DAMIAO","POSTO FREI DAMIAO LTDA.","4.724","139859"
"ZONA RURAL","2725","CAJUEIRO","POSTO CAJUEIRO","POSTO CAJUEIRO LTDA","4.39","73733"
"ZONA RURAL","2725","CAJUEIRO","AUTO POSTO ESTRELA","AUTO POSTO L & L EIRELI","4.545","73733"
"PERIMETRO INTIUBA","2849","PORTO REAL DO COLEGIO","AUTO POSTO SAO FRANCISCO","LIMA COMBUSTIVEIS LTDA","4.39","172834"
"ZONA RURAL","2849","PORTO REAL DO COLEGIO","AUTO POSTO NORTE & SUL","AUTO POSTO L M LTDA","4.688","172834"
"CENTRO","2809","MURICI","AUTO POSTO PADRE CICERO","JOSE CICERO LOPES DOS SANTOS","4.39","54973"
"CENTRO","2809","MURICI","POSTO MURICI","AUTO POSTO FERNANDES LTDA","4.572","54973"
"LOTEAMENTO BARRA MAR","2711","BARRA DE SAO MIGUEL","POSTO MARE ALTA","AUTO POSTO MARE ALTA LTDA","4.394","32677"
"BARRA MAR","2711","BARRA DE SAO MIGUEL","POSTO SAO FRANCISCO DE ASSIS","M L G DA SILVA SIQUEIRA & CIA LTDA","4.399","32677"
"MATA BURRO","2643","ESTRELA DE ALAGOAS","AUTO POSTO TURMALINA","S M COLATINO","4.415","155939"
"ZONA RURAL","2643","ESTRELA DE ALAGOAS","LFS COMERCIO DE COMBUSTIVEIS EIRELI","LFS COMERCIO DE COMBUSTIVEIS EIRELI","4.488","155939"
"CENTRO","2643","ESTRELA DE ALAGOAS","AUTO POSTO ESTRELA DE ALAGOAS","L FERNANDES DOS SANTOS EIRELI","4.489","155939"
"CENTRO","2775","JOAQUIM GOMES","AUTO POSTO VOLANTE","B S DE ALBUQUERQUE","4.444","75243"
"CENTRO","2733","CAPELA","AUTO POSTO CAPELA","CAPELA COMBUSTIVEIS E LUBRIFICANTES LTDA","4.449","65543"
"CENTRO","2865","SAO JOSE DA LAJE","AUTO POSTO BEIRA RIO","AUTO POSTO BEIRA RIO LTDA","4.468","101048"
"CENTRO","2865","SAO JOSE DA LAJE","AUTO POSTO VITORIA","AUTO POSTO VITORIA COMBUSTIVEIS LTDA","4.489","101048"
"CENTRO","2721","BRANQUINHA","AUTO POSTO VERGETAO I","AUTO POSTO VERGETTI LTDA","4.47","69289"
"CENTRO","0971","TEOTONIO VILELA","AUTO POSTO REGIS MIGUEL","RENEE AUTO POSTO LTDA","4.475","101222"
"SAO MIGUEL","0971","TEOTONIO VILELA","AUTO POSTO SANTA LUZIA","SILVA E SILVA COMBUSTIVEL LTDA.","4.486","101222"
"CENTRO","0971","TEOTONIO VILELA","AUTO POSTO 101","AUTO POSTO SANTOS & SANTOS LTDA","4.52","101222"
"SAO MIGUEL","0971","TEOTONIO VILELA","AUTO POSTO VIVA DEUS","JJM COMERCIO DE COMBUSTIVEIS LTDA","4.548","101222"
"SAO MIGUEL","0971","TEOTONIO VILELA","AUTO POSTO 101","AUTO POSTO SANTOS & SANTOS LTDA","4.59","101222"
"INHUMAS","0971","TEOTONIO VILELA","POSTO DUARTE","MARIA JOSINEIDE DUARTE COSTA","4.67","101222"
"DEP BENEDITO DE LIRA","0971","TEOTONIO VILELA","AUTO POSTO LAIS","LAIS DE L. SILVA COMBUSTIVEIS","4.75","101222"
"ZONA RURAL","2749","DOIS RIACHOS","AUTO PASTO TANGARA","ADENILSON OLIVEIRA SILVA","4.487","190696"
"CENTRO","2749","DOIS RIACHOS","POSTO NAYARA","GIVALDO OLIVEIRA DA ROCHA","4.498","190696"
"VARELA","2719","BOCA DA MATA","AUTO POSTO SANTO ANTONIO","A T MELO DA ROCHA EIRELI","4.491","78806"
"ZONA RURAL","2719","BOCA DA MATA","AUTO POSTO PADRE CICERO II","SILVA -COMERCIO DE COMBUSTIVEIS E LUBRIFICANTES LTDA","4.538","78806"
"CENTRO","2719","BOCA DA MATA","AUTO POSTO PADRE CICERO","E.R. DA SILVA COSTA COMERCIO","4.633","78806"
"ZONA RURAL","2861","SANTANA DO MUNDAU","AUTO POSTO EMANUELLY","ALMEIDA & VASCONCELOS LTDA","4.491","105342"
"CENTRO","2855","ROTEIRO","POSTO PETROMETAL","HENRIQUE CICERO LOPES","4.492","55019"
"Centro","2887","VICOSA","POSTO BOM JESUS","MOEMA NEIVA DE ALBUQUERQUE EIRELI","4.502","90077"
"CENTRO","2887","VICOSA","POSTO VICOSA","AUTO POSTO VICOSA EIRELI","4.663","90077"
"CENTRO","2887","VICOSA","POSTO SAO CRISTOVAO","AUTO POSTO BRANDAO COSTA LTDA","4.69","90077"
"FAZ ALTO CONCEICAO","2887","VICOSA","POSTO SABALANGA","AUTO POSTO SABALANGA LTDA","4.764","90077"
"CENTRO","2889","CRAIBAS","AUTO POSTO PE CICERO","MARIA MARTINS FERNANDES","4.512","149773"
"CENTRO","2889","CRAIBAS","AUTO POSTO MIX","JOSE JAMES DA SILVA","4.573","149773"
"ZONA RURAL","2889","CRAIBAS","AUTO POSTO FOLHA MIUDA","AUTO POSTO FOLHA MIUDA LTDA","4.604","149773"
"FOLHA MIUDA","2889","CRAIBAS","AUTO POSTO MIX II","W W SILVA COMBUSTIVEIS LTDA","4.631","149773"
"CENTRO","2889","CRAIBAS","POSTO ALIANCA","AUTO POSTO ALIANCA LTDA.","4.681","149773"
"CENTRO","2811","NOVO LINO","AUTO POSTO AMIGAO","LINENSE AUTO POSTO LTDA","4.518","101115"
"ZONA RURAL","2811","NOVO LINO","AUTO POSTO NOVO LINO II","AUTO POSTO NOVO LINO LTDA","4.657","101115"
"ZONA RURAL","2875","SAO SEBASTIAO","TREVO - DERIVADOS DE PETROLEO LTDA","TREVO DERIVADOS DE PETROLEO LTDA","4.522","131136"
"CENTRO","2875","SAO SEBASTIAO","AUTO POSTO ZE PEQUENO","J L A FERREIRA","4.596","131136"
"CENTRO","2875","SAO SEBASTIAO","SAO SEBASTIAO COMBUSTIVEIS LTDA","SAO SEBASTIAO COMBUSTIVEIS LTDA","4.609","131136"
"RANCHO ALEGRE","2875","SAO SEBASTIAO","DBS TRANSPORTES","DBS TRANSPORTES LTDA","4.625","131136"
"ZONA RURAL","2875","SAO SEBASTIAO","POSTO RANCHO ALEGRE","DISTRIBUIDORA DE VEICULOS CONFIANCA LIMITADA","4.653","131136"
"ZONA RURAL","2875","SAO SEBASTIAO","POSTO TREVO DE OURO","AUTO POSTO TREVO DE OURO LTDA","4.657","131136"
"CENTRO","2875","SAO SEBASTIAO","AUTO POSTO AVENIDA","AUTO POSTO ALVES DA SILVA LTDA","4.67","131136"
"SAO JOSE","2875","SAO SEBASTIAO","AUTO POSTO DIVINA LUZ 2","DIVINA LUZ COMBUSTIVEIS EIRELI","4.694","131136"
"ZONA RURAL","2875","SAO SEBASTIAO","POSTO MONTEIRO LOBATO","L. A. DA SILVA JUNIOR - EIRELI","4.722","131136"
"CENTRO","2875","SAO SEBASTIAO","AUTO POSTO DIVINA LUZ","DIVINA LUZ COMBUSTIVEIS EIRELI","4.741","131136"
"RANCHO ALEGRE","2875","SAO SEBASTIAO","AUTO POSTO AGUA VIVA","AUTO POSTO AGUA VIVA LTDA","4.743","131136"
"CENTRO","0560","CAMPESTRE","AUTO POSTO CAMPESTRE","M A SANTOS & FILHO LTDA","4.531","118568"
"CENTRO","2703","ANADIA","AUTO POSTO ANADIA LTDA","AUTO POSTO ANADIA LTDA","4.543","97807"
"CENTRO","2703","ANADIA","AUTO POSTO SAO JOAO LTDA","AUTO POSTO SAO JOAO LTDA","4.644","97807"
"PREFEITO JOSE MEDEIROS","2843","POCO DAS TRINCHEIRAS","AUTO POSTO SAO SEBASTIAO","FERREIRA E SANTOS AUTO POSTO LTDA","4.549","219972"
"ZONA RURAL","2843","POCO DAS TRINCHEIRAS","AUTO POSTO NOSSA SENHORA DE FATIMA","COMERCIO DE COMBUSTIVEIS NOSSA SENHORA DE FATIMA LTDA.","4.563","219972"
"LOT. CANTO DO MAR","2789","MARAGOGI","MASTER GAS","RAC INDUSTRIA DE COMPRESSAO E COMERCIO DE GAS NATURAL LTDA","4.551","127719"
"CENTRO","2789","MARAGOGI","AUTOPEL","AUTO POSTO PROGRESSO EIRELI","4.82","127719"
"ZONA RURAL","2789","MARAGOGI","MARCOL MARAGOGI COMBUSTIVEL LTDA","MARCOL MARAGOGI COMBUSTIVEL LTDA","4.863","127719"
"CLIMA BOM","2819","OLIVENCA","MELO AUTO POSTO","MELO MENESES COMERCIO DE COMBUSTIVEIS LTDA","4.556","206275"
"CENTRO","2819","OLIVENCA","POSTO NOSSA SENHORA DO CARMO","MARCELA MARTINS DE LIMA EIRELI","4.603","206275"
"ZONA RURAL","2783","LIMOEIRO DE ANADIA","POSTO LIMOEIRO","SOARES E SOUZA LTDA","4.571","111885"
"POV.PELEVE ZONA RURAL","2783","LIMOEIRO DE ANADIA","AUTO POSTO LIMOEIRO","M B SIQUEIRA","4.714","111885"
"ZONA URBANA","2777","JUNDIA","AUTO POSTO JUNDIA","AUTO POSTO JUNDIA EIRELI","4.573","114903"
"CENTRO","2765","INHAPI","AUTO POSTO CAPELINHA","ALENCAR & MALTA LTDA","4.577","275174"
"CENTRO","2765","INHAPI","AUTO POSTO ALVES","AUTO POSTO ALVES LTDA","4.589","275174"
"ZONA RURAL","2765","INHAPI","AUTO POSTO ALVES LTDA","AUTO POSTO ALVES LTDA","4.591","275174"
"CENTRO","2831","PAULO JACINTO","AUTO POSTO LIMA E SILVA","AUTO POSTO LIMA E SILVA LTDA","4.589","108410"
"PIAU","2841","PIRANHAS","AUTO POSTO SENHOR DO BOMFIM","REMI DA SILVA","4.592","266431"
"PIAU","2841","PIRANHAS","AUTO POSTO CAPIA","AUTO POSTO CAPIA LTDA","4.704","266431"
"ZONA RURAL","2841","PIRANHAS","PRIME POSTOS","PRIME POSTOS LTDA","4.781","266431"
"XINGO","2841","PIRANHAS","POSTO CAROLINE","AUTO POSTO CAROLINE LTDA","4.79","266431"
"ZONA RURAL","2841","PIRANHAS","POSTO CAROLINE","AUTO POSTO CAROLINE LTDA","4.791","266431"
"NOSSA SENHORA DA SAUDE","2841","PIRANHAS","POSTO PARAISO","POSTO PARAISO LTDA","4.885","266431"
"CENTRO","2713","BATALHA","AUTO POSTO R V LTDA","POSTO R V LTDA","4.6","186544"
"RODOVIA","2713","BATALHA","AUTO POSTO PAGUEMENOS","AUTO POSTO AUTO PECAS E POUSADA PAGUE MENOS LTDA","4.736","186544"
"CENTRO","2713","BATALHA","AUTO POSTO POUSADA NOVO HORIZONTE LTDA","AUTO POSTO POUSADA NOVO HORIZONTE LTDA","4.749","186544"
"CENTRO","2813","OLHO D'AGUA DAS FLORES","AUTO POSTO DOIS IRMAOS","M A J H COMERCIO DE COMBUSTIVEIS E DERIVADOS DE PETROLEO LTDA.","4.63","210136"
"CENTRO","2813","OLHO D'AGUA DAS FLORES","A A MELO","A A MELO","4.684","210136"
"CENTRO","2813","OLHO D'AGUA DAS FLORES","AUTO POSTO SAO JOAO BATISTA LIMITADA","AUTO POSTO SAO JOAO BATISTA LIMITADA","4.72","210136"
"ZONA RURAL","2813","OLHO D'AGUA DAS FLORES","POSTO SAO PEDRO","SILVA MELO & CIA. LTDA.","4.724","210136"
"ZONA RURAL","2723","CACIMBINHAS","AUTO POSTO VITORINO","M A A VITORINO DIESEL","4.63","179576"
"ZONA RURAL","2723","CACIMBINHAS","POSTO MINADOR","AUTO POSTO MINADOR LTDA","4.645","179576"
"CENTRO","2723","CACIMBINHAS","AUTO POSTO DANIELLE","MARINUZA LEITE DA SILVA","4.844","179576"
"ZONA URBANA","2803","MESSIAS","MEGA POSTO VIA NORTE","DIESEL DISTRIBUIDORA E SERVICOS LTDA","4.667","38680"
"ALTO DA SAUDADE","2745","CORURIPE","DOS VALES E O LIRIO","DAVYD DANFERYS LESSA FERREIRA","4.674","90710"
"COLONIA PINDORAMA","2745","CORURIPE","POSTO PINDORAMA","COOPERATIVA AGROINDUSTRIAL DOS PRODUTORES RURAIS DA COLONIA PINDORAMA LTDA.","4.685","90710"
"ILHA DAS COBRAS","2745","CORURIPE","POSTO LIBERAL CORURIPE","POSTO LIBERAL LTDA","4.765","90710"
"ZONA RURAL","2745","CORURIPE","POSTO SANTA RITA","A L C COMERCIO DE COMBUSTIVEIS E SERVICOS LTDA","4.78","90710"
"COMENDADOR TERCIO WANDERLEY","2745","CORURIPE","POSTO SAO PEDRO III","T. DE F. ROCHA & BARBOSA LTDA","4.828","90710"
"CENTRO","2731","CANAPI","POSTO SAO PEDRO","FREITAS & SILVA LTDA","4.675","258189"
"ZONA RURAL","2731","CANAPI","AUTO POSTO KELLY BEZERRA","AUTO POSTO KELLY BEZERRA LTDA","4.689","258189"
"CENTRO","2731","CANAPI","AUTO POSTO SAO PAULO","MARIA SONIELMA SILVA DE SOUZA","4.689","258189"
"ENTROCAMENTO FELIZ DESERTO","2753","FELIZ DESERTO","POSTO FELICIDADE","D & J EMPREENDIMENTOS COMERCAIS LTDA","4.678","119614"
"CENTRO","2751","FEIRA GRANDE","AUTO POSTO NOSSA SENHORA DE FATIMA","OLIVEIRA & GOMES LTDA","4.68","147335"
"MASSAPE","2751","FEIRA GRANDE","AUTO POSTO MASSAPE","MANOEL A DE ALMEIDA JUNIOR","4.684","147335"
"ZONA RURAL","2781","LAGOA DA CANOA","AUTOPEL","AUTO POSTO LAGOA DA CANOA LTDA","4.68","146029"
"ZONA RURAL","2781","LAGOA DA CANOA","POSTO ALVORADA","POSTO ARAPIRACA LTDA","4.686","146029"
"ZONA RURAL","2867","SAO JOSE DA TAPERA","AUTO POSTO BRASILIA","CICERO LISBOA LIMA","4.688","219848"
"ZONA RURAL","2867","SAO JOSE DA TAPERA","AUTO POSTO DOIS IRMAOS - TAPERA","ASHP COMERCIO DE COMBUSTIVEIS E DERIVADOS LTDA.","4.753","219848"
"CENTRO","2845","PORTO CALVO","POSTO DEHT","POSTO DETH COMERCIO DE COMBUSTIVEIS LTDA","4.691","98788"
"ZONA DE EXPANCAO URBANA","2845","PORTO CALVO","AUTO POSTO COMANDATUBA","AUTO POSTO COMANDATUBA LTDA.","4.7","98788"
"ZONA URBANA","2845","PORTO CALVO","POSTO PORTO CALVO","AUTO POSTO TJ COM�RCIO DE COMBUSTIVEIS LTDA","4.738","98788"
"ZONA URBANA","2845","PORTO CALVO","POSTO CAJA","J A LINS","4.744","98788"
"POVOADO JARDIM CORDEIRO","2747","DELMIRO GOUVEIA","POSTO MANDACARU","CACHOEIRA DERIVADOS DE PETROLEO LTDA","4.694","304465"
"BOM SOSSEGO","2747","DELMIRO GOUVEIA","POSTO BOM SOSSEGO","GILVAN MARTINS DE SOUZA","4.772","304465"
"PEDRA VELHA","2747","DELMIRO GOUVEIA","POSTO DA PEDRA 3","LOURENCO ARAUJO FORTES E FILHOS LTDA","4.775","304465"
"PEDRA VELHA","2747","DELMIRO GOUVEIA","POSTO NENZITA","COMERCIO DE COMBUSTIVEIS NENZITA LTDA","4.78","304465"
"CENTRO","2747","DELMIRO GOUVEIA","AUTO POSTO CACTOS","POSTO PRINCESA DERIVADOS DE PETROLEO LTDA","4.781","304465"
"CAMPO GRANDE","2747","DELMIRO GOUVEIA","POSTO DA PEDRA 2","AUTO POSTO DA PEDRA LTDA","4.784","304465"
"CENTRO","2747","DELMIRO GOUVEIA","POSTO DA PEDRA 5","AUTO POSTO DA PEDRA LTDA","4.784","304465"
"CENTRO","2747","DELMIRO GOUVEIA","POSTO DA PEDRA 4","AUTO POSTO DA PEDRA LTDA","4.785","304465"
"CENTRO","2747","DELMIRO GOUVEIA","AUTO POSTO SAO CRISTOVAO","JICELMA MARIA L ALEXANDRE EIRELI","4.793","304465"
"CENTRO","2747","DELMIRO GOUVEIA","POSTO ALDO","AUTO POSTO FREITAS & MAIA LTDA","4.8","304465"
"CENTRO","2747","DELMIRO GOUVEIA","POSTO ALINE LTDA - FILIAL 1","POSTO ALINE LTDA","4.884","304465"
"POVOADO SAO SEBASTIAO","2747","DELMIRO GOUVEIA","POSTO ALINE LTDA - FILIAL 02","POSTO ALINE LTDA","4.909","304465"
"CIDADE UNIVERSITARIA","2747","DELMIRO GOUVEIA","POSTO ALINE","POSTO ALINE LTDA","4.933","304465"
"CENTRO","2747","DELMIRO GOUVEIA","POSTO DA PEDRA 1","AUTO POSTO DA PEDRA LTDA","5.095","304465"
"ZONA RURAL","2771","JAPARATINGA","POSTO JAPARATINGA","POSTO JAPARATINGA LTDA","4.695","117414"
"BRASILIA","2835","PIACABUCU","AUTO POSTO TRES IRMAOS","AUTO POSTO TR�S IRM�OS LTDA","4.698","137853"
"CENTRO","2835","PIACABUCU","BARBOSA & ROCHA LTDA","BARBOSA & ROCHA LTDA","4.74","137853"
"ZONA RURAL","2737","CHA PRETA","POSTO BRETAS","M F BRETAS COMBUSTIVEIS LTDA","4.699","108062"
"CENTRO","2737","CHA PRETA","POSBRAL - POSTO BRANDAO EIRELI","POSBRAL - POSTO BRANDAO EIRELI","4.727","108062"
"PAI JOAO","2881","TAQUARANA","POSTO MANGUEIRAO","AUTO POSTO MANGUEIRAO EIRELI","4.699","116620"
"CENTRO","2881","TAQUARANA","POSTO MIRANTE","POSTO DE COMBUSTIVEL MIRANTE LTDA","4.705","116620"
"CENTRO","2881","TAQUARANA","AUTO POSTO SANTA CRUZ","S.A DA SILVA E CIA LTDA","4.716","116620"
"CENTRO","2787","MAJOR ISIDORO","AUTO POSTO SANTANA CENTER","MESSIAS ITALO MARIANO SILVA","4.713","194007"
"ZONA RURAL","2787","MAJOR ISIDORO","POSTO VITORINO","S VITORINO DA SILVA DIESEL","4.797","194007"
"CENTRO","2787","MAJOR ISIDORO","AUTO POSTO CENTRAL","MAGNA A DOS SANTOS AUTO POSTO EIRELI","4.909","194007"
"CENTRO","2741","COLONIA LEOPOLDINA","AUTO POSTO ZUADOR","L D LOPES SOARES","4.718","116750"
"LOTEAMENTO JARDIM","2741","COLONIA LEOPOLDINA","AUTO POSTO CASTELIANO","ANDRESSA PEREIRA ALVES","4.733","116750"
"CENTRO","2851","QUEBRANGULO","POSTO POLLYANNA","MARIA JOSE CAVALCANTE DE SOUZA","4.72","125040"
"CENTRO","2759","IBATEGUARA","POSTO NOVO HORIZONTE","POSTO NOVO HORIZONTE LTDA","4.726","117600"
"CENTRO","2759","IBATEGUARA","AUTO POSTO TOP LINE","AUTO POSTO TOP LINE LTDA","4.734","117600"
"CANAFISTULA","2757","GIRAU DO PONCIANO","POSTO NOSSA SENHORA DA CONCEICAO","JOSE BARBOSA DE CARVALHO & CIA LTDA","4.726","158909"
"CENTRO","2757","GIRAU DO PONCIANO","AUTOPEL","AUTOPEL-AUTO POSTO PROGRESSO LTDA","4.745","158909"
"PROGRESSO","2757","GIRAU DO PONCIANO","AUTOPEL","AUTOPEL-AUTO POSTO PROGRESSO LTDA","4.753","158909"
"ZONA RURAL","2827","PAO DE ACUCAR","POSTO SAO LUCAS","ADRYANA DOS SANTOS CORDEIRO","4.727","238333"
"CENTRO","2827","PAO DE ACUCAR","D S GONCALVES COMBUSTIVEIS E LUBRIFICANTES","D S GONCALVES COMBUSTIVEIS E LUBRIFICANTES","4.747","238333"
"CENTRO","2827","PAO DE ACUCAR","POSTO TEXACO SAO FRANCISCO","JOSE GENTIL SANTOS","4.752","238333"
"CENTRO","2735","CARNEIROS","AUTO POSTO CARNEIROS","OSMAR LIMEIRA MELO","4.73","227285"
"CENTRO","2701","AGUA BRANCA","POSTO ALTO DA SERRA","JF COMBUSTIVEIS LTDA","4.737","308103"
"CENTRO","2701","AGUA BRANCA","AUTO POSTO AGUA BRANCA","GILVAN MARTINS DE SOUZA","4.761","308103"
"POV. TABELA","2701","AGUA BRANCA","POSTO CANGACO","J B E COM. DE COMBUSTIVEIS E DERIVADOS DE PETROLEO LTDA.","4.773","308103"
"ZONA RURAL","2767","JACARE DOS HOMENS","AUTO POSTO 2 IRMAOS","SAMS COMERCIO DE COMBUSTIVEIS E LUBRIFICANTES LTDA.","4.741","195430"
"ZONA RURAL","2739","COITE DO NOIA","AUTO POSTO T H","AUTO POSTO T H LTDA","4.741","131772"
"ZONA RURAL","2807","MONTEIROPOLIS","AUTO POSTO MONTEIROPOLIS","SEMAN COMERCIO DE COMBUSTIVEIS E DERIVADOS DE PETROLEO LTDA.","4.747","202762"
"CENTRO","2799","MATA GRANDE","POSTO TEXACO OASIS DO SERTAO","EVERALDO GOMES DE SOUSA","4.748","273144"
"ZONA RURAL","2799","MATA GRANDE","AUTO POSTO SERRANO","AUTO POSTO SERRANO LTDA","4.778","273144"
"SITIO TERRA NOVA","2799","MATA GRANDE","AUTO POSTO JG","AUTO POSTO J G LTDA","4.823","273144"
"CENTRO","2799","MATA GRANDE","AUTO POSTO SAO JOSE","AUTO POSTO SAO JOSE LTDA","4.825","273144"
"BOM SUCESSO","2799","MATA GRANDE","AUTO POSTO FARIAS","AUTO POSTO FARIAS LTDA","4.899","273144"
"CENTRO","2833","PENEDO","POSTO MARINHO","M. A. C. SANTOS MARINHO","4.752","167403"
"SANTA LUZIA","2833","PENEDO","MARTA CRISTINA SOBRAL","MARTA CRISTINA SOBRAL","4.754","167403"
"SENHOR DO BONFIM","2833","PENEDO","AUTO POSTO APICE","SCS COMBUSTIVEIS EIRELI","4.761","167403"
"DOM CONSTANTINO","2833","PENEDO","POSTO GRANDE RIO I","DISTRIBUIDORA DE VEICULOS CONFIANCA LIMITADA","4.854","167403"
"SANTA LUZIA","2833","PENEDO","POSTO SAO PEDRO","BARBOSA & ROCHA LTDA","4.857","167403"
"CENTRO","2833","PENEDO","IMPORTADORA BARBOSA LTDA","IMPORTADORA BARBOSA LTDA","4.86","167403"
"SANTA LUZIA","2833","PENEDO","POSTO GRANDE RIO II","DISTRIBUIDORA DE VEICULOS CONFIANCA LIMITADA","4.947","167403"
"ZONA RURAL","2815","OLHO D'AGUA DO CASADO","AUTO POSTO CASADO","AUTO POSTO CASADO LTDA","4.779","271871"
"CENTRO","2815","OLHO D'AGUA DO CASADO","POSTO OLHO DAGUA DO CASADO","GILVAN MARTINS DE SOUZA","4.78","271871"
"CENTRO","2763","IGREJA NOVA","AUTO POSTO JA","AUTO POSTO OURO VERDE EIRELI","4.789","160756"
"CENTRO","2645","PARICONHA","AUTO POSTO PARICONHA","AUTO POSTO L A LTDA","4.839","309406"
"POVOADO TOQUE","2873","SAO MIGUEL DOS MILAGRES","POSTO JADSON","JADSON LESSA DOS SANTOS","4.85","93738"
"ZONA URBANA","2873","SAO MIGUEL DOS MILAGRES","POSTO SAO LUCAS","AUTO POSTO SAO LUCAS LTDA","4.921","93738"
"PORTO DA RUA","2873","SAO MIGUEL DOS MILAGRES","PORTO DO TOQUE AUTO POSTO","DO TOQUE AUTO POSTO LTDA","5.0","93738"
"CENTRO","2729","CAMPO GRANDE","AUTOPEL","AUTO POSTO CAMPO GRANDE LTDA","4.88","155496"
"LUIZ G DE CARVALHO","2821","OURO BRANCO","POSTO BR 423","VALDECI F. DE ASSIS","4.898","242831"
"LUIZ GONZAGA DE CARVALHO","2821","OURO BRANCO","AUTO POSTO E POUSADA LIMEIRINHA","ROBERTO VICTOR L DE CARVALHO","4.977","242831"
"JOAO ALVES DA SILVA","2821","OURO BRANCO","POSTO ALMEIDA","POSTO ALMEIDA EIRELI","5.0","242831"
"ZONA RURAL","0562","JEQUIA DA PRAIA","POSTO SAO JOSE","LUCIANO GOMES AMARAL COMBUSTIVEIS","4.91","65644"
"ZONA RURAL","2891","SENADOR RUI PALMEIRA","AUTO POSTO SANTO ANTONIO","ANDRADE E CHAGAS COMERCIO DE COMBUSTIVEIS LTDA","4.929","236052"
"CENTRO","2883","TRAIPU","POSTO NOSSA SENHORA DO O LTDA","POSTO NOSSA SENHORA DO O LTDA","4.958","186714"
"ZONA RURAL","2829","PASSO DE CAMARAGIBE","POSTO MILAGRES","SILVA E SILVA COMERCIO DE COMBUSTIVEIS LTDA","5.004","72468"
"SITIO QUIZANGA","2847","PORTO DE PEDRAS","POSTO PATACHO","BORGHETTI & BORGHETTI LTDA","5.184","120036"
